id,medium_id,genre_id,rank,created_at,updated_at
1,744,20636,1,"2017-11-21 17:55:36.490583","2017-11-21 17:55:36.490583"
2,745,20636,2,"2017-11-21 17:55:36.495837","2017-11-21 17:55:36.495837"
3,746,20636,3,"2017-11-21 17:55:36.503667","2017-11-21 17:55:36.503667"
4,747,20636,4,"2017-11-21 17:55:36.508393","2017-11-21 17:55:36.508393"
5,748,20636,5,"2017-11-21 17:55:36.513682","2017-11-21 17:55:36.513682"
6,749,20636,6,"2017-11-21 17:55:36.518980","2017-11-21 17:55:36.518980"
7,750,20636,7,"2017-11-21 17:55:36.523550","2017-11-21 17:55:36.523550"
8,751,20636,8,"2017-11-21 17:55:36.528808","2017-11-21 17:55:36.528808"
9,752,20636,9,"2017-11-21 17:55:36.533836","2017-11-21 17:55:36.533836"
10,753,20636,10,"2017-11-21 17:55:36.538497","2017-11-21 17:55:36.538497"
11,744,20637,1,"2017-11-21 17:55:37.627211","2017-11-21 17:55:37.627211"
12,745,20637,2,"2017-11-21 17:55:37.634649","2017-11-21 17:55:37.634649"
13,746,20637,3,"2017-11-21 17:55:37.640900","2017-11-21 17:55:37.640900"
14,747,20637,4,"2017-11-21 17:55:37.644307","2017-11-21 17:55:37.644307"
15,748,20637,5,"2017-11-21 17:55:37.647179","2017-11-21 17:55:37.647179"
16,750,20637,6,"2017-11-21 17:55:37.650414","2017-11-21 17:55:37.650414"
17,749,20637,7,"2017-11-21 17:55:37.653382","2017-11-21 17:55:37.653382"
18,754,20637,8,"2017-11-21 17:55:37.658154","2017-11-21 17:55:37.658154"
19,753,20637,9,"2017-11-21 17:55:37.660821","2017-11-21 17:55:37.660821"
20,755,20637,10,"2017-11-21 17:55:37.665790","2017-11-21 17:55:37.665790"
21,756,20638,1,"2017-11-21 17:55:38.745370","2017-11-21 17:55:38.745370"
22,757,20638,2,"2017-11-21 17:55:38.752476","2017-11-21 17:55:38.752476"
23,758,20638,3,"2017-11-21 17:55:38.760648","2017-11-21 17:55:38.760648"
24,759,20638,4,"2017-11-21 17:55:38.766966","2017-11-21 17:55:38.766966"
25,760,20638,5,"2017-11-21 17:55:38.772984","2017-11-21 17:55:38.772984"
26,761,20638,6,"2017-11-21 17:55:38.778771","2017-11-21 17:55:38.778771"
27,762,20638,7,"2017-11-21 17:55:38.785350","2017-11-21 17:55:38.785350"
28,763,20638,8,"2017-11-21 17:55:38.791241","2017-11-21 17:55:38.791241"
29,751,20639,1,"2017-11-21 17:55:39.891794","2017-11-21 17:55:39.891794"
30,764,20639,2,"2017-11-21 17:55:39.898472","2017-11-21 17:55:39.898472"
31,765,20639,3,"2017-11-21 17:55:39.905367","2017-11-21 17:55:39.905367"
32,766,20639,4,"2017-11-21 17:55:39.911870","2017-11-21 17:55:39.911870"
33,767,20639,5,"2017-11-21 17:55:39.918743","2017-11-21 17:55:39.918743"
34,768,20639,6,"2017-11-21 17:55:39.926814","2017-11-21 17:55:39.926814"
35,769,20639,7,"2017-11-21 17:55:39.938075","2017-11-21 17:55:39.938075"
36,770,20639,8,"2017-11-21 17:55:39.947513","2017-11-21 17:55:39.947513"
37,771,20639,9,"2017-11-21 17:55:39.954411","2017-11-21 17:55:39.954411"
38,772,20639,10,"2017-11-21 17:55:39.959858","2017-11-21 17:55:39.959858"
39,773,20640,1,"2017-11-21 17:55:41.059466","2017-11-21 17:55:41.059466"
40,774,20640,2,"2017-11-21 17:55:41.065680","2017-11-21 17:55:41.065680"
41,775,20640,3,"2017-11-21 17:55:41.071536","2017-11-21 17:55:41.071536"
42,776,20640,4,"2017-11-21 17:55:41.076708","2017-11-21 17:55:41.076708"
43,777,20640,5,"2017-11-21 17:55:41.082001","2017-11-21 17:55:41.082001"
44,778,20640,6,"2017-11-21 17:55:41.086890","2017-11-21 17:55:41.086890"
45,779,20640,7,"2017-11-21 17:55:41.092913","2017-11-21 17:55:41.092913"
46,780,20640,8,"2017-11-21 17:55:41.097730","2017-11-21 17:55:41.097730"
47,781,20640,9,"2017-11-21 17:55:41.106632","2017-11-21 17:55:41.106632"
48,782,20640,10,"2017-11-21 17:55:41.111549","2017-11-21 17:55:41.111549"
49,783,20641,1,"2017-11-21 17:55:42.196347","2017-11-21 17:55:42.196347"
50,784,20641,2,"2017-11-21 17:55:42.202169","2017-11-21 17:55:42.202169"
51,785,20641,3,"2017-11-21 17:55:42.209951","2017-11-21 17:55:42.209951"
52,786,20641,4,"2017-11-21 17:55:42.215171","2017-11-21 17:55:42.215171"
53,787,20641,5,"2017-11-21 17:55:42.220209","2017-11-21 17:55:42.220209"
54,788,20641,6,"2017-11-21 17:55:42.232980","2017-11-21 17:55:42.232980"
55,789,20641,7,"2017-11-21 17:55:42.237900","2017-11-21 17:55:42.237900"
56,790,20641,8,"2017-11-21 17:55:42.244867","2017-11-21 17:55:42.244867"
57,791,20641,9,"2017-11-21 17:55:42.249588","2017-11-21 17:55:42.249588"
58,792,20641,10,"2017-11-21 17:55:42.254707","2017-11-21 17:55:42.254707"
59,793,20642,1,"2017-11-21 17:55:43.343667","2017-11-21 17:55:43.343667"
60,794,20642,2,"2017-11-21 17:55:43.350049","2017-11-21 17:55:43.350049"
61,795,20642,3,"2017-11-21 17:55:43.355031","2017-11-21 17:55:43.355031"
62,796,20642,4,"2017-11-21 17:55:43.359985","2017-11-21 17:55:43.359985"
63,797,20642,5,"2017-11-21 17:55:43.365531","2017-11-21 17:55:43.365531"
64,798,20642,6,"2017-11-21 17:55:43.373026","2017-11-21 17:55:43.373026"
65,799,20642,7,"2017-11-21 17:55:43.377805","2017-11-21 17:55:43.377805"
66,800,20642,8,"2017-11-21 17:55:43.382811","2017-11-21 17:55:43.382811"
67,801,20642,9,"2017-11-21 17:55:43.388016","2017-11-21 17:55:43.388016"
68,802,20642,10,"2017-11-21 17:55:43.392936","2017-11-21 17:55:43.392936"
69,803,20764,1,"2017-11-21 18:17:10.369792","2017-11-21 18:17:10.369792"
70,804,20764,2,"2017-11-21 18:17:10.376671","2017-11-21 18:17:10.376671"
71,805,20764,3,"2017-11-21 18:17:10.383757","2017-11-21 18:17:10.383757"
72,806,20764,4,"2017-11-21 18:17:10.390525","2017-11-21 18:17:10.390525"
73,807,20764,5,"2017-11-21 18:17:10.397234","2017-11-21 18:17:10.397234"
74,808,20764,6,"2017-11-21 18:17:10.403544","2017-11-21 18:17:10.403544"
75,809,20764,7,"2017-11-21 18:17:10.409752","2017-11-21 18:17:10.409752"
76,810,20764,8,"2017-11-21 18:17:10.415912","2017-11-21 18:17:10.415912"
77,811,20764,9,"2017-11-21 18:17:10.422653","2017-11-21 18:17:10.422653"
78,812,20764,10,"2017-11-21 18:17:10.430095","2017-11-21 18:17:10.430095"
79,803,20765,1,"2017-11-21 18:17:11.943600","2017-11-21 18:17:11.943600"
80,804,20765,7,"2017-11-21 18:17:11.947930","2017-11-21 18:17:11.947930"
81,805,20765,3,"2017-11-21 18:17:11.951437","2017-11-21 18:17:11.951437"
82,806,20765,4,"2017-11-21 18:17:11.955264","2017-11-21 18:17:11.955264"
83,808,20765,5,"2017-11-21 18:17:11.959170","2017-11-21 18:17:11.959170"
84,807,20765,6,"2017-11-21 18:17:11.962204","2017-11-21 18:17:11.962204"
85,809,20765,2,"2017-11-21 18:17:11.965125","2017-11-21 18:17:11.965125"
86,812,20765,8,"2017-11-21 18:17:11.968407","2017-11-21 18:17:11.968407"
87,813,20765,9,"2017-11-21 18:17:11.973905","2017-11-21 18:17:11.973905"
88,814,20765,10,"2017-11-21 18:17:11.979445","2017-11-21 18:17:11.979445"
89,815,20766,1,"2017-11-21 18:17:13.062868","2017-11-21 18:17:13.062868"
90,816,20766,2,"2017-11-21 18:17:13.069315","2017-11-21 18:17:13.069315"
91,817,20766,3,"2017-11-21 18:17:13.075950","2017-11-21 18:17:13.075950"
92,818,20766,4,"2017-11-21 18:17:13.094223","2017-11-21 18:17:13.094223"
93,819,20766,5,"2017-11-21 18:17:13.099689","2017-11-21 18:17:13.099689"
94,820,20766,6,"2017-11-21 18:17:13.105027","2017-11-21 18:17:13.105027"
95,821,20766,7,"2017-11-21 18:17:13.110220","2017-11-21 18:17:13.110220"
96,822,20766,8,"2017-11-21 18:17:13.115200","2017-11-21 18:17:13.115200"
97,811,20767,1,"2017-11-21 18:17:17.245305","2017-11-21 18:17:17.245305"
98,823,20767,2,"2017-11-21 18:17:17.254518","2017-11-21 18:17:17.254518"
99,824,20767,3,"2017-11-21 18:17:17.261513","2017-11-21 18:17:17.261513"
100,825,20767,4,"2017-11-21 18:17:17.269571","2017-11-21 18:17:17.269571"
101,826,20767,5,"2017-11-21 18:17:17.280097","2017-11-21 18:17:17.280097"
102,827,20767,6,"2017-11-21 18:17:17.288962","2017-11-21 18:17:17.288962"
103,828,20767,7,"2017-11-21 18:17:17.303024","2017-11-21 18:17:17.303024"
104,829,20767,8,"2017-11-21 18:17:17.311007","2017-11-21 18:17:17.311007"
105,830,20767,9,"2017-11-21 18:17:17.319530","2017-11-21 18:17:17.319530"
106,831,20767,10,"2017-11-21 18:17:17.328030","2017-11-21 18:17:17.328030"
107,832,20768,1,"2017-11-21 18:17:18.420005","2017-11-21 18:17:18.420005"
108,833,20768,2,"2017-11-21 18:17:18.425545","2017-11-21 18:17:18.425545"
109,834,20768,3,"2017-11-21 18:17:18.435619","2017-11-21 18:17:18.435619"
110,835,20768,4,"2017-11-21 18:17:18.443265","2017-11-21 18:17:18.443265"
111,836,20768,5,"2017-11-21 18:17:18.449085","2017-11-21 18:17:18.449085"
112,837,20768,6,"2017-11-21 18:17:18.454350","2017-11-21 18:17:18.454350"
113,838,20768,7,"2017-11-21 18:17:18.459793","2017-11-21 18:17:18.459793"
114,839,20768,8,"2017-11-21 18:17:18.464759","2017-11-21 18:17:18.464759"
115,840,20768,9,"2017-11-21 18:17:18.470406","2017-11-21 18:17:18.470406"
116,841,20768,10,"2017-11-21 18:17:18.475921","2017-11-21 18:17:18.475921"
117,842,20769,1,"2017-11-21 18:17:19.560978","2017-11-21 18:17:19.560978"
118,843,20769,2,"2017-11-21 18:17:19.566459","2017-11-21 18:17:19.566459"
119,844,20769,3,"2017-11-21 18:17:19.572104","2017-11-21 18:17:19.572104"
120,845,20769,4,"2017-11-21 18:17:19.577091","2017-11-21 18:17:19.577091"
121,846,20769,5,"2017-11-21 18:17:19.582298","2017-11-21 18:17:19.582298"
122,847,20769,6,"2017-11-21 18:17:19.587646","2017-11-21 18:17:19.587646"
123,848,20769,7,"2017-11-21 18:17:19.592593","2017-11-21 18:17:19.592593"
124,849,20769,8,"2017-11-21 18:17:19.597932","2017-11-21 18:17:19.597932"
125,850,20769,9,"2017-11-21 18:17:19.605461","2017-11-21 18:17:19.605461"
126,851,20769,10,"2017-11-21 18:17:19.611678","2017-11-21 18:17:19.611678"
127,852,20770,1,"2017-11-21 18:17:20.705317","2017-11-21 18:17:20.705317"
128,853,20770,2,"2017-11-21 18:17:20.711326","2017-11-21 18:17:20.711326"
129,854,20770,3,"2017-11-21 18:17:20.716719","2017-11-21 18:17:20.716719"
130,855,20770,4,"2017-11-21 18:17:20.721921","2017-11-21 18:17:20.721921"
131,856,20770,5,"2017-11-21 18:17:20.727170","2017-11-21 18:17:20.727170"
132,857,20770,6,"2017-11-21 18:17:20.732205","2017-11-21 18:17:20.732205"
133,858,20770,7,"2017-11-21 18:17:20.739161","2017-11-21 18:17:20.739161"
134,859,20770,8,"2017-11-21 18:17:20.744213","2017-11-21 18:17:20.744213"
135,860,20770,9,"2017-11-21 18:17:20.749476","2017-11-21 18:17:20.749476"
136,861,20770,10,"2017-11-21 18:17:20.754797","2017-11-21 18:17:20.754797"
137,862,20771,1,"2017-11-21 18:17:21.849199","2017-11-21 18:17:21.849199"
138,863,20771,2,"2017-11-21 18:17:21.854886","2017-11-21 18:17:21.854886"
139,864,20771,3,"2017-11-21 18:17:21.860185","2017-11-21 18:17:21.860185"
140,865,20771,4,"2017-11-21 18:17:21.865445","2017-11-21 18:17:21.865445"
141,866,20771,5,"2017-11-21 18:17:21.870762","2017-11-21 18:17:21.870762"
142,867,20771,6,"2017-11-21 18:17:21.875845","2017-11-21 18:17:21.875845"
143,868,20771,7,"2017-11-21 18:17:21.883278","2017-11-21 18:17:21.883278"
144,869,20771,8,"2017-11-21 18:17:21.888486","2017-11-21 18:17:21.888486"
145,870,20771,9,"2017-11-21 18:17:21.894224","2017-11-21 18:17:21.894224"
146,871,20771,10,"2017-11-21 18:17:21.899433","2017-11-21 18:17:21.899433"
147,872,20772,1,"2017-11-21 18:17:23.391852","2017-11-21 18:17:23.391852"
148,873,20772,2,"2017-11-21 18:17:23.400171","2017-11-21 18:17:23.400171"
149,874,20772,3,"2017-11-21 18:17:23.407969","2017-11-21 18:17:23.407969"
150,875,20772,4,"2017-11-21 18:17:23.415726","2017-11-21 18:17:23.415726"
151,876,20772,5,"2017-11-21 18:17:23.423471","2017-11-21 18:17:23.423471"
152,877,20772,6,"2017-11-21 18:17:23.430981","2017-11-21 18:17:23.430981"
153,878,20772,7,"2017-11-21 18:17:23.438242","2017-11-21 18:17:23.438242"
154,879,20772,8,"2017-11-21 18:17:23.445209","2017-11-21 18:17:23.445209"
155,880,20772,9,"2017-11-21 18:17:23.455906","2017-11-21 18:17:23.455906"
156,881,20772,10,"2017-11-21 18:17:23.462498","2017-11-21 18:17:23.462498"
157,804,20773,1,"2017-11-21 18:17:24.543625","2017-11-21 18:17:24.543625"
158,805,20773,2,"2017-11-21 18:17:24.547651","2017-11-21 18:17:24.547651"
159,813,20773,3,"2017-11-21 18:17:24.551374","2017-11-21 18:17:24.551374"
160,814,20773,4,"2017-11-21 18:17:24.555127","2017-11-21 18:17:24.555127"
161,882,20773,5,"2017-11-21 18:17:24.562844","2017-11-21 18:17:24.562844"
162,883,20773,6,"2017-11-21 18:17:24.568334","2017-11-21 18:17:24.568334"
163,884,20773,7,"2017-11-21 18:17:24.574242","2017-11-21 18:17:24.574242"
164,885,20773,8,"2017-11-21 18:17:24.579921","2017-11-21 18:17:24.579921"
165,886,20773,9,"2017-11-21 18:17:24.585688","2017-11-21 18:17:24.585688"
166,887,20773,10,"2017-11-21 18:17:24.592082","2017-11-21 18:17:24.592082"
167,888,20774,1,"2017-11-21 18:17:25.677488","2017-11-21 18:17:25.677488"
168,889,20774,2,"2017-11-21 18:17:25.682941","2017-11-21 18:17:25.682941"
169,890,20774,3,"2017-11-21 18:17:25.688908","2017-11-21 18:17:25.688908"
170,891,20774,4,"2017-11-21 18:17:25.693969","2017-11-21 18:17:25.693969"
171,892,20774,5,"2017-11-21 18:17:25.698844","2017-11-21 18:17:25.698844"
172,893,20774,6,"2017-11-21 18:17:25.704283","2017-11-21 18:17:25.704283"
173,894,20774,7,"2017-11-21 18:17:25.709555","2017-11-21 18:17:25.709555"
174,895,20774,8,"2017-11-21 18:17:25.714494","2017-11-21 18:17:25.714494"
175,896,20774,9,"2017-11-21 18:17:25.719645","2017-11-21 18:17:25.719645"
176,897,20774,10,"2017-11-21 18:17:25.725013","2017-11-21 18:17:25.725013"
177,898,20775,1,"2017-11-21 18:17:26.817067","2017-11-21 18:17:26.817067"
178,899,20775,2,"2017-11-21 18:17:26.822784","2017-11-21 18:17:26.822784"
179,900,20775,3,"2017-11-21 18:17:26.832008","2017-11-21 18:17:26.832008"
180,901,20775,4,"2017-11-21 18:17:26.837984","2017-11-21 18:17:26.837984"
181,902,20775,5,"2017-11-21 18:17:26.844035","2017-11-21 18:17:26.844035"
182,903,20775,6,"2017-11-21 18:17:26.849331","2017-11-21 18:17:26.849331"
183,904,20775,7,"2017-11-21 18:17:26.860761","2017-11-21 18:17:26.860761"
184,905,20775,8,"2017-11-21 18:17:26.865678","2017-11-21 18:17:26.865678"
185,906,20775,9,"2017-11-21 18:17:26.871043","2017-11-21 18:17:26.871043"
186,907,20775,10,"2017-11-21 18:17:26.876186","2017-11-21 18:17:26.876186"
187,908,20776,1,"2017-11-21 18:17:32.608056","2017-11-21 18:17:32.608056"
188,909,20776,2,"2017-11-21 18:17:32.613532","2017-11-21 18:17:32.613532"
189,910,20776,3,"2017-11-21 18:17:32.619021","2017-11-21 18:17:32.619021"
190,911,20776,4,"2017-11-21 18:17:32.624361","2017-11-21 18:17:32.624361"
191,912,20776,5,"2017-11-21 18:17:32.630245","2017-11-21 18:17:32.630245"
192,913,20776,6,"2017-11-21 18:17:32.641188","2017-11-21 18:17:32.641188"
193,914,20776,7,"2017-11-21 18:17:32.647490","2017-11-21 18:17:32.647490"
194,915,20776,8,"2017-11-21 18:17:32.655940","2017-11-21 18:17:32.655940"
195,916,20776,9,"2017-11-21 18:17:32.663718","2017-11-21 18:17:32.663718"
196,917,20776,10,"2017-11-21 18:17:32.670942","2017-11-21 18:17:32.670942"
197,888,20777,1,"2017-11-21 18:17:34.168234","2017-11-21 18:17:34.168234"
198,918,20777,2,"2017-11-21 18:17:34.174626","2017-11-21 18:17:34.174626"
199,875,20777,3,"2017-11-21 18:17:34.177906","2017-11-21 18:17:34.177906"
200,877,20777,4,"2017-11-21 18:17:34.186547","2017-11-21 18:17:34.186547"
201,919,20777,5,"2017-11-21 18:17:34.191868","2017-11-21 18:17:34.191868"
202,920,20777,6,"2017-11-21 18:17:34.196718","2017-11-21 18:17:34.196718"
203,921,20777,7,"2017-11-21 18:17:34.202446","2017-11-21 18:17:34.202446"
204,922,20777,8,"2017-11-21 18:17:34.207422","2017-11-21 18:17:34.207422"
205,923,20777,9,"2017-11-21 18:17:34.212377","2017-11-21 18:17:34.212377"
206,924,20777,10,"2017-11-21 18:17:34.217189","2017-11-21 18:17:34.217189"
207,811,20778,1,"2017-11-21 18:17:35.302214","2017-11-21 18:17:35.302214"
208,852,20778,2,"2017-11-21 18:17:35.311352","2017-11-21 18:17:35.311352"
209,883,20778,3,"2017-11-21 18:17:35.315200","2017-11-21 18:17:35.315200"
210,925,20778,4,"2017-11-21 18:17:35.324198","2017-11-21 18:17:35.324198"
211,824,20778,5,"2017-11-21 18:17:35.327257","2017-11-21 18:17:35.327257"
212,926,20778,6,"2017-11-21 18:17:35.332131","2017-11-21 18:17:35.332131"
213,927,20778,7,"2017-11-21 18:17:35.337539","2017-11-21 18:17:35.337539"
214,928,20778,8,"2017-11-21 18:17:35.343398","2017-11-21 18:17:35.343398"
215,929,20778,9,"2017-11-21 18:17:35.348344","2017-11-21 18:17:35.348344"
216,856,20778,10,"2017-11-21 18:17:35.351576","2017-11-21 18:17:35.351576"
217,930,20779,1,"2017-11-21 18:17:36.441195","2017-11-21 18:17:36.441195"
218,931,20779,2,"2017-11-21 18:17:36.448692","2017-11-21 18:17:36.448692"
219,932,20779,3,"2017-11-21 18:17:36.456963","2017-11-21 18:17:36.456963"
220,933,20779,4,"2017-11-21 18:17:36.462223","2017-11-21 18:17:36.462223"
221,934,20779,5,"2017-11-21 18:17:36.467373","2017-11-21 18:17:36.467373"
222,935,20779,6,"2017-11-21 18:17:36.472751","2017-11-21 18:17:36.472751"
223,936,20779,7,"2017-11-21 18:17:36.477580","2017-11-21 18:17:36.477580"
224,850,20779,8,"2017-11-21 18:17:36.480700","2017-11-21 18:17:36.480700"
225,937,20779,9,"2017-11-21 18:17:36.485794","2017-11-21 18:17:36.485794"
226,938,20779,10,"2017-11-21 18:17:36.491429","2017-11-21 18:17:36.491429"
227,810,20780,1,"2017-11-21 18:17:37.583828","2017-11-21 18:17:37.583828"
228,939,20780,2,"2017-11-21 18:17:37.590251","2017-11-21 18:17:37.590251"
229,853,20780,3,"2017-11-21 18:17:37.593392","2017-11-21 18:17:37.593392"
230,854,20780,4,"2017-11-21 18:17:37.596779","2017-11-21 18:17:37.596779"
231,886,20780,5,"2017-11-21 18:17:37.599648","2017-11-21 18:17:37.599648"
232,940,20780,6,"2017-11-21 18:17:37.607416","2017-11-21 18:17:37.607416"
233,855,20780,7,"2017-11-21 18:17:37.610272","2017-11-21 18:17:37.610272"
234,941,20780,8,"2017-11-21 18:17:37.614816","2017-11-21 18:17:37.614816"
235,857,20780,9,"2017-11-21 18:17:37.617967","2017-11-21 18:17:37.617967"
236,942,20780,10,"2017-11-21 18:17:37.623728","2017-11-21 18:17:37.623728"
237,943,20781,1,"2017-11-21 18:17:38.715165","2017-11-21 18:17:38.715165"
238,944,20781,2,"2017-11-21 18:17:38.720948","2017-11-21 18:17:38.720948"
239,945,20781,3,"2017-11-21 18:17:38.727423","2017-11-21 18:17:38.727423"
240,946,20781,4,"2017-11-21 18:17:38.732467","2017-11-21 18:17:38.732467"
241,947,20781,5,"2017-11-21 18:17:38.738716","2017-11-21 18:17:38.738716"
242,948,20781,6,"2017-11-21 18:17:38.746614","2017-11-21 18:17:38.746614"
243,949,20781,7,"2017-11-21 18:17:38.751646","2017-11-21 18:17:38.751646"
244,950,20781,8,"2017-11-21 18:17:38.757178","2017-11-21 18:17:38.757178"
245,951,20781,9,"2017-11-21 18:17:38.762078","2017-11-21 18:17:38.762078"
246,952,20781,10,"2017-11-21 18:17:38.767145","2017-11-21 18:17:38.767145"
247,953,20782,1,"2017-11-21 18:17:39.859789","2017-11-21 18:17:39.859789"
248,954,20782,2,"2017-11-21 18:17:39.865362","2017-11-21 18:17:39.865362"
249,955,20782,3,"2017-11-21 18:17:39.871367","2017-11-21 18:17:39.871367"
250,956,20782,4,"2017-11-21 18:17:39.876502","2017-11-21 18:17:39.876502"
251,957,20782,5,"2017-11-21 18:17:39.881759","2017-11-21 18:17:39.881759"
252,958,20782,6,"2017-11-21 18:17:39.886667","2017-11-21 18:17:39.886667"
253,959,20782,7,"2017-11-21 18:17:39.894744","2017-11-21 18:17:39.894744"
254,960,20782,8,"2017-11-21 18:17:39.899653","2017-11-21 18:17:39.899653"
255,961,20782,9,"2017-11-21 18:17:39.904855","2017-11-21 18:17:39.904855"
256,962,20782,10,"2017-11-21 18:17:39.909883","2017-11-21 18:17:39.909883"
257,963,20783,1,"2017-11-21 18:17:40.995243","2017-11-21 18:17:40.995243"
258,964,20783,2,"2017-11-21 18:17:41.000976","2017-11-21 18:17:41.000976"
259,965,20783,3,"2017-11-21 18:17:41.007660","2017-11-21 18:17:41.007660"
260,966,20783,4,"2017-11-21 18:17:41.012865","2017-11-21 18:17:41.012865"
261,967,20784,1,"2017-11-21 18:17:46.621232","2017-11-21 18:17:46.621232"
262,968,20784,2,"2017-11-21 18:17:46.627071","2017-11-21 18:17:46.627071"
263,969,20784,3,"2017-11-21 18:17:46.633721","2017-11-21 18:17:46.633721"
264,970,20784,4,"2017-11-21 18:17:46.639827","2017-11-21 18:17:46.639827"
265,971,20784,5,"2017-11-21 18:17:46.645329","2017-11-21 18:17:46.645329"
266,972,20784,6,"2017-11-21 18:17:46.650243","2017-11-21 18:17:46.650243"
267,973,20784,7,"2017-11-21 18:17:46.657069","2017-11-21 18:17:46.657069"
268,974,20784,8,"2017-11-21 18:17:46.662513","2017-11-21 18:17:46.662513"
269,975,20784,9,"2017-11-21 18:17:46.667861","2017-11-21 18:17:46.667861"
270,976,20784,10,"2017-11-21 18:17:46.673642","2017-11-21 18:17:46.673642"
271,859,20785,1,"2017-11-21 18:17:47.757367","2017-11-21 18:17:47.757367"
272,977,20785,2,"2017-11-21 18:17:47.763395","2017-11-21 18:17:47.763395"
273,978,20785,3,"2017-11-21 18:17:47.769369","2017-11-21 18:17:47.769369"
274,979,20785,4,"2017-11-21 18:17:47.774801","2017-11-21 18:17:47.774801"
275,980,20785,5,"2017-11-21 18:17:47.779452","2017-11-21 18:17:47.779452"
276,981,20785,6,"2017-11-21 18:17:47.784490","2017-11-21 18:17:47.784490"
277,982,20785,7,"2017-11-21 18:17:47.789580","2017-11-21 18:17:47.789580"
278,983,20785,8,"2017-11-21 18:17:47.794571","2017-11-21 18:17:47.794571"
279,984,20785,9,"2017-11-21 18:17:47.799283","2017-11-21 18:17:47.799283"
280,985,20785,10,"2017-11-21 18:17:47.804320","2017-11-21 18:17:47.804320"
281,939,20786,1,"2017-11-21 18:17:48.894488","2017-11-21 18:17:48.894488"
282,986,20786,2,"2017-11-21 18:17:48.900732","2017-11-21 18:17:48.900732"
283,854,20786,3,"2017-11-21 18:17:48.903954","2017-11-21 18:17:48.903954"
284,987,20786,4,"2017-11-21 18:17:48.909408","2017-11-21 18:17:48.909408"
285,988,20786,5,"2017-11-21 18:17:48.914109","2017-11-21 18:17:48.914109"
286,989,20786,6,"2017-11-21 18:17:48.919262","2017-11-21 18:17:48.919262"
287,990,20786,7,"2017-11-21 18:17:48.924451","2017-11-21 18:17:48.924451"
288,991,20786,8,"2017-11-21 18:17:48.929104","2017-11-21 18:17:48.929104"
289,992,20786,9,"2017-11-21 18:17:48.933917","2017-11-21 18:17:48.933917"
290,993,20786,10,"2017-11-21 18:17:48.939022","2017-11-21 18:17:48.939022"
291,994,20787,1,"2017-11-21 18:17:50.033383","2017-11-21 18:17:50.033383"
292,995,20787,2,"2017-11-21 18:17:50.038959","2017-11-21 18:17:50.038959"
293,996,20787,3,"2017-11-21 18:17:50.044716","2017-11-21 18:17:50.044716"
294,997,20787,4,"2017-11-21 18:17:50.050639","2017-11-21 18:17:50.050639"
295,998,20787,5,"2017-11-21 18:17:50.056250","2017-11-21 18:17:50.056250"
296,999,20787,6,"2017-11-21 18:17:50.061250","2017-11-21 18:17:50.061250"
297,1000,20787,7,"2017-11-21 18:17:50.066297","2017-11-21 18:17:50.066297"
298,1001,20787,8,"2017-11-21 18:17:50.071453","2017-11-21 18:17:50.071453"
299,1002,20787,9,"2017-11-21 18:17:50.076463","2017-11-21 18:17:50.076463"
300,1003,20787,10,"2017-11-21 18:17:50.083932","2017-11-21 18:17:50.083932"
301,882,20788,1,"2017-11-21 18:17:51.590758","2017-11-21 18:17:51.590758"
302,986,20788,2,"2017-11-21 18:17:51.596623","2017-11-21 18:17:51.596623"
303,1004,20788,3,"2017-11-21 18:17:51.602213","2017-11-21 18:17:51.602213"
304,858,20788,4,"2017-11-21 18:17:51.609291","2017-11-21 18:17:51.609291"
305,1005,20788,5,"2017-11-21 18:17:51.615859","2017-11-21 18:17:51.615859"
306,1006,20788,6,"2017-11-21 18:17:51.621555","2017-11-21 18:17:51.621555"
307,1007,20788,7,"2017-11-21 18:17:51.626861","2017-11-21 18:17:51.626861"
308,1008,20788,8,"2017-11-21 18:17:51.632343","2017-11-21 18:17:51.632343"
309,1009,20788,9,"2017-11-21 18:17:51.638611","2017-11-21 18:17:51.638611"
310,1010,20788,10,"2017-11-21 18:17:51.644191","2017-11-21 18:17:51.644191"
311,1011,20789,1,"2017-11-21 18:17:52.726650","2017-11-21 18:17:52.726650"
312,1012,20789,2,"2017-11-21 18:17:52.732201","2017-11-21 18:17:52.732201"
313,1013,20789,3,"2017-11-21 18:17:52.755688","2017-11-21 18:17:52.755688"
314,1014,20789,4,"2017-11-21 18:17:52.762040","2017-11-21 18:17:52.762040"
315,1015,20789,5,"2017-11-21 18:17:52.766903","2017-11-21 18:17:52.766903"
316,1016,20789,6,"2017-11-21 18:17:52.772275","2017-11-21 18:17:52.772275"
317,1017,20789,7,"2017-11-21 18:17:52.777077","2017-11-21 18:17:52.777077"
318,806,20790,1,"2017-11-21 18:17:53.868661","2017-11-21 18:17:53.868661"
319,807,20790,2,"2017-11-21 18:17:53.872960","2017-11-21 18:17:53.872960"
320,809,20790,3,"2017-11-21 18:17:53.876121","2017-11-21 18:17:53.876121"
321,812,20790,4,"2017-11-21 18:17:53.879171","2017-11-21 18:17:53.879171"
322,939,20790,5,"2017-11-21 18:17:53.889433","2017-11-21 18:17:53.889433"
323,885,20790,6,"2017-11-21 18:17:53.892251","2017-11-21 18:17:53.892251"
324,886,20790,7,"2017-11-21 18:17:53.895034","2017-11-21 18:17:53.895034"
325,1018,20790,8,"2017-11-21 18:17:53.900133","2017-11-21 18:17:53.900133"
326,940,20790,9,"2017-11-21 18:17:53.903293","2017-11-21 18:17:53.903293"
327,1019,20790,10,"2017-11-21 18:17:53.909234","2017-11-21 18:17:53.909234"
328,1020,20792,1,"2017-11-21 18:18:00.217169","2017-11-21 18:18:00.217169"
329,976,20792,2,"2017-11-21 18:18:00.221896","2017-11-21 18:18:00.221896"
330,1021,20792,3,"2017-11-21 18:18:00.228419","2017-11-21 18:18:00.228419"
331,1022,20792,4,"2017-11-21 18:18:00.235732","2017-11-21 18:18:00.235732"
332,1023,20792,5,"2017-11-21 18:18:00.242121","2017-11-21 18:18:00.242121"
333,1024,20792,6,"2017-11-21 18:18:00.247245","2017-11-21 18:18:00.247245"
334,1025,20792,7,"2017-11-21 18:18:00.252389","2017-11-21 18:18:00.252389"
335,1026,20792,8,"2017-11-21 18:18:00.257493","2017-11-21 18:18:00.257493"
336,1027,20792,9,"2017-11-21 18:18:00.262437","2017-11-21 18:18:00.262437"
337,1028,20792,10,"2017-11-21 18:18:00.267246","2017-11-21 18:18:00.267246"
338,875,20793,1,"2017-11-21 18:18:01.354464","2017-11-21 18:18:01.354464"
339,876,20793,2,"2017-11-21 18:18:01.358646","2017-11-21 18:18:01.358646"
340,1029,20793,3,"2017-11-21 18:18:01.363593","2017-11-21 18:18:01.363593"
341,877,20793,4,"2017-11-21 18:18:01.367336","2017-11-21 18:18:01.367336"
342,1030,20793,5,"2017-11-21 18:18:01.376258","2017-11-21 18:18:01.376258"
343,919,20793,6,"2017-11-21 18:18:01.379110","2017-11-21 18:18:01.379110"
344,1031,20793,7,"2017-11-21 18:18:01.384619","2017-11-21 18:18:01.384619"
345,1032,20793,8,"2017-11-21 18:18:01.389932","2017-11-21 18:18:01.389932"
346,921,20793,9,"2017-11-21 18:18:01.392980","2017-11-21 18:18:01.392980"
347,1033,20793,10,"2017-11-21 18:18:01.397929","2017-11-21 18:18:01.397929"
348,804,20794,1,"2017-11-21 18:18:02.908543","2017-11-21 18:18:02.908543"
349,805,20794,2,"2017-11-21 18:18:02.914190","2017-11-21 18:18:02.914190"
350,806,20794,3,"2017-11-21 18:18:02.917120","2017-11-21 18:18:02.917120"
351,808,20794,4,"2017-11-21 18:18:02.920317","2017-11-21 18:18:02.920317"
352,812,20794,5,"2017-11-21 18:18:02.923515","2017-11-21 18:18:02.923515"
353,813,20794,6,"2017-11-21 18:18:02.926350","2017-11-21 18:18:02.926350"
354,883,20794,7,"2017-11-21 18:18:02.929172","2017-11-21 18:18:02.929172"
355,1019,20794,8,"2017-11-21 18:18:02.932198","2017-11-21 18:18:02.932198"
356,909,20794,9,"2017-11-21 18:18:02.935089","2017-11-21 18:18:02.935089"
357,910,20794,10,"2017-11-21 18:18:02.938186","2017-11-21 18:18:02.938186"
358,925,20795,1,"2017-11-21 18:18:04.029300","2017-11-21 18:18:04.029300"
359,1034,20795,2,"2017-11-21 18:18:04.034454","2017-11-21 18:18:04.034454"
360,1035,20795,3,"2017-11-21 18:18:04.039867","2017-11-21 18:18:04.039867"
361,1036,20795,4,"2017-11-21 18:18:04.045019","2017-11-21 18:18:04.045019"
362,1037,20795,5,"2017-11-21 18:18:04.050328","2017-11-21 18:18:04.050328"
363,1038,20795,6,"2017-11-21 18:18:04.055549","2017-11-21 18:18:04.055549"
364,1039,20795,7,"2017-11-21 18:18:04.060343","2017-11-21 18:18:04.060343"
365,1040,20795,8,"2017-11-21 18:18:04.065403","2017-11-21 18:18:04.065403"
366,1041,20795,9,"2017-11-21 18:18:04.070541","2017-11-21 18:18:04.070541"
367,1042,20795,10,"2017-11-21 18:18:04.075880","2017-11-21 18:18:04.075880"
368,813,20797,1,"2017-11-21 18:18:06.234242","2017-11-21 18:18:06.234242"
369,1043,20797,2,"2017-11-21 18:18:06.240782","2017-11-21 18:18:06.240782"
370,1044,20797,3,"2017-11-21 18:18:06.246030","2017-11-21 18:18:06.246030"
371,1045,20797,4,"2017-11-21 18:18:06.251135","2017-11-21 18:18:06.251135"
372,1046,20797,5,"2017-11-21 18:18:06.256209","2017-11-21 18:18:06.256209"
373,1047,20797,6,"2017-11-21 18:18:06.261672","2017-11-21 18:18:06.261672"
374,892,20797,7,"2017-11-21 18:18:06.264742","2017-11-21 18:18:06.264742"
375,1048,20797,8,"2017-11-21 18:18:06.270214","2017-11-21 18:18:06.270214"
376,1049,20797,9,"2017-11-21 18:18:06.275454","2017-11-21 18:18:06.275454"
377,1050,20797,10,"2017-11-21 18:18:06.280615","2017-11-21 18:18:06.280615"
378,1051,20798,1,"2017-11-21 18:18:07.374617","2017-11-21 18:18:07.374617"
379,1052,20798,2,"2017-11-21 18:18:07.380041","2017-11-21 18:18:07.380041"
380,1053,20798,3,"2017-11-21 18:18:07.385704","2017-11-21 18:18:07.385704"
381,1054,20798,4,"2017-11-21 18:18:07.391006","2017-11-21 18:18:07.391006"
382,1055,20798,5,"2017-11-21 18:18:07.395974","2017-11-21 18:18:07.395974"
383,1056,20798,6,"2017-11-21 18:18:07.401038","2017-11-21 18:18:07.401038"
384,1057,20798,7,"2017-11-21 18:18:07.406755","2017-11-21 18:18:07.406755"
385,1058,20798,8,"2017-11-21 18:18:07.411889","2017-11-21 18:18:07.411889"
386,1059,20798,9,"2017-11-21 18:18:07.417004","2017-11-21 18:18:07.417004"
387,1060,20798,10,"2017-11-21 18:18:07.422340","2017-11-21 18:18:07.422340"
388,1061,20799,1,"2017-11-21 18:18:08.520801","2017-11-21 18:18:08.520801"
389,1062,20799,2,"2017-11-21 18:18:08.525957","2017-11-21 18:18:08.525957"
390,1063,20799,3,"2017-11-21 18:18:08.531246","2017-11-21 18:18:08.531246"
391,1064,20799,4,"2017-11-21 18:18:08.536619","2017-11-21 18:18:08.536619"
392,1065,20799,5,"2017-11-21 18:18:08.544233","2017-11-21 18:18:08.544233"
393,1066,20799,6,"2017-11-21 18:18:08.549574","2017-11-21 18:18:08.549574"
394,1067,20799,7,"2017-11-21 18:18:08.555436","2017-11-21 18:18:08.555436"
395,1068,20799,8,"2017-11-21 18:18:08.560751","2017-11-21 18:18:08.560751"
396,1069,20799,9,"2017-11-21 18:18:08.565943","2017-11-21 18:18:08.565943"
397,1070,20799,10,"2017-11-21 18:18:08.571416","2017-11-21 18:18:08.571416"
398,1071,20800,1,"2017-11-21 18:18:09.664841","2017-11-21 18:18:09.664841"
399,1072,20800,2,"2017-11-21 18:18:09.680504","2017-11-21 18:18:09.680504"
400,1073,20800,3,"2017-11-21 18:18:09.686213","2017-11-21 18:18:09.686213"
401,1074,20800,4,"2017-11-21 18:18:09.692942","2017-11-21 18:18:09.692942"
402,1075,20800,5,"2017-11-21 18:18:09.698164","2017-11-21 18:18:09.698164"
403,1076,20800,6,"2017-11-21 18:18:09.703566","2017-11-21 18:18:09.703566"
404,1077,20800,7,"2017-11-21 18:18:09.709077","2017-11-21 18:18:09.709077"
405,1078,20800,8,"2017-11-21 18:18:09.714109","2017-11-21 18:18:09.714109"
406,1079,20800,9,"2017-11-21 18:18:09.724377","2017-11-21 18:18:09.724377"
407,1080,20800,10,"2017-11-21 18:18:09.731503","2017-11-21 18:18:09.731503"
408,1064,20801,1,"2017-11-21 18:18:13.354500","2017-11-21 18:18:13.354500"
409,1065,20801,2,"2017-11-21 18:18:13.361213","2017-11-21 18:18:13.361213"
410,1081,20801,3,"2017-11-21 18:18:13.373904","2017-11-21 18:18:13.373904"
411,1082,20801,4,"2017-11-21 18:18:13.390242","2017-11-21 18:18:13.390242"
412,1083,20801,5,"2017-11-21 18:18:13.417296","2017-11-21 18:18:13.417296"
413,1084,20801,6,"2017-11-21 18:18:13.428230","2017-11-21 18:18:13.428230"
414,1085,20801,7,"2017-11-21 18:18:13.442265","2017-11-21 18:18:13.442265"
415,1086,20801,8,"2017-11-21 18:18:13.453369","2017-11-21 18:18:13.453369"
416,1087,20801,9,"2017-11-21 18:18:13.464625","2017-11-21 18:18:13.464625"
417,1088,20801,10,"2017-11-21 18:18:13.483733","2017-11-21 18:18:13.483733"
418,1089,20802,1,"2017-11-21 18:18:14.998204","2017-11-21 18:18:14.998204"
419,1090,20802,2,"2017-11-21 18:18:15.014076","2017-11-21 18:18:15.014076"
420,1091,20802,3,"2017-11-21 18:18:15.019194","2017-11-21 18:18:15.019194"
421,1092,20802,4,"2017-11-21 18:18:15.026909","2017-11-21 18:18:15.026909"
422,1093,20802,5,"2017-11-21 18:18:15.032195","2017-11-21 18:18:15.032195"
423,1094,20802,6,"2017-11-21 18:18:15.038200","2017-11-21 18:18:15.038200"
424,1095,20802,7,"2017-11-21 18:18:15.044442","2017-11-21 18:18:15.044442"
425,1096,20802,8,"2017-11-21 18:18:15.049907","2017-11-21 18:18:15.049907"
426,1097,20802,9,"2017-11-21 18:18:15.055355","2017-11-21 18:18:15.055355"
427,1098,20802,10,"2017-11-21 18:18:15.060895","2017-11-21 18:18:15.060895"
428,1099,20803,1,"2017-11-21 18:18:16.189360","2017-11-21 18:18:16.189360"
429,1100,20803,2,"2017-11-21 18:18:16.198703","2017-11-21 18:18:16.198703"
430,1101,20803,3,"2017-11-21 18:18:16.205555","2017-11-21 18:18:16.205555"
431,1102,20803,4,"2017-11-21 18:18:16.211805","2017-11-21 18:18:16.211805"
432,1103,20803,5,"2017-11-21 18:18:16.216585","2017-11-21 18:18:16.216585"
433,1104,20803,6,"2017-11-21 18:18:16.224034","2017-11-21 18:18:16.224034"
434,1105,20803,7,"2017-11-21 18:18:16.229168","2017-11-21 18:18:16.229168"
435,1106,20803,8,"2017-11-21 18:18:16.234428","2017-11-21 18:18:16.234428"
436,1107,20803,9,"2017-11-21 18:18:16.239927","2017-11-21 18:18:16.239927"
437,1108,20803,10,"2017-11-21 18:18:16.245174","2017-11-21 18:18:16.245174"
438,1109,20804,1,"2017-11-21 18:18:17.491807","2017-11-21 18:18:17.491807"
439,1110,20804,2,"2017-11-21 18:18:17.497194","2017-11-21 18:18:17.497194"
440,1111,20804,3,"2017-11-21 18:18:17.502494","2017-11-21 18:18:17.502494"
441,1112,20804,4,"2017-11-21 18:18:17.507871","2017-11-21 18:18:17.507871"
442,1113,20804,5,"2017-11-21 18:18:17.513134","2017-11-21 18:18:17.513134"
443,1114,20804,6,"2017-11-21 18:18:17.518114","2017-11-21 18:18:17.518114"
444,1115,20804,7,"2017-11-21 18:18:17.523599","2017-11-21 18:18:17.523599"
445,1116,20804,8,"2017-11-21 18:18:17.528345","2017-11-21 18:18:17.528345"
446,1117,20804,9,"2017-11-21 18:18:17.533544","2017-11-21 18:18:17.533544"
447,1118,20804,10,"2017-11-21 18:18:17.538954","2017-11-21 18:18:17.538954"
448,1119,20805,1,"2017-11-21 18:18:18.792890","2017-11-21 18:18:18.792890"
449,1120,20805,2,"2017-11-21 18:18:18.798677","2017-11-21 18:18:18.798677"
450,1121,20805,3,"2017-11-21 18:18:18.805188","2017-11-21 18:18:18.805188"
451,1122,20805,4,"2017-11-21 18:18:18.810426","2017-11-21 18:18:18.810426"
452,1123,20805,5,"2017-11-21 18:18:18.815516","2017-11-21 18:18:18.815516"
453,1124,20805,6,"2017-11-21 18:18:18.821507","2017-11-21 18:18:18.821507"
454,1125,20805,7,"2017-11-21 18:18:18.827180","2017-11-21 18:18:18.827180"
455,1126,20805,8,"2017-11-21 18:18:18.832385","2017-11-21 18:18:18.832385"
456,1127,20805,9,"2017-11-21 18:18:18.837569","2017-11-21 18:18:18.837569"
457,1128,20805,10,"2017-11-21 18:18:18.842542","2017-11-21 18:18:18.842542"
458,1129,20806,1,"2017-11-21 18:18:20.247490","2017-11-21 18:18:20.247490"
459,1130,20806,2,"2017-11-21 18:18:20.253022","2017-11-21 18:18:20.253022"
460,1131,20806,3,"2017-11-21 18:18:20.258295","2017-11-21 18:18:20.258295"
461,1132,20806,4,"2017-11-21 18:18:20.263378","2017-11-21 18:18:20.263378"
462,1133,20806,5,"2017-11-21 18:18:20.269186","2017-11-21 18:18:20.269186"
463,1134,20806,6,"2017-11-21 18:18:20.274375","2017-11-21 18:18:20.274375"
464,1135,20806,7,"2017-11-21 18:18:20.281188","2017-11-21 18:18:20.281188"
465,1136,20806,8,"2017-11-21 18:18:20.289215","2017-11-21 18:18:20.289215"
466,1137,20806,9,"2017-11-21 18:18:20.295014","2017-11-21 18:18:20.295014"
467,1138,20806,10,"2017-11-21 18:18:20.302047","2017-11-21 18:18:20.302047"
468,1139,20807,1,"2017-11-21 18:18:21.755129","2017-11-21 18:18:21.755129"
469,1140,20807,2,"2017-11-21 18:18:21.760982","2017-11-21 18:18:21.760982"
470,1141,20807,3,"2017-11-21 18:18:21.766390","2017-11-21 18:18:21.766390"
471,1142,20807,4,"2017-11-21 18:18:21.771852","2017-11-21 18:18:21.771852"
472,1143,20807,5,"2017-11-21 18:18:21.777413","2017-11-21 18:18:21.777413"
473,1144,20807,6,"2017-11-21 18:18:21.782298","2017-11-21 18:18:21.782298"
474,1145,20807,7,"2017-11-21 18:18:21.791643","2017-11-21 18:18:21.791643"
475,1146,20807,8,"2017-11-21 18:18:21.797037","2017-11-21 18:18:21.797037"
476,1147,20807,9,"2017-11-21 18:18:21.801918","2017-11-21 18:18:21.801918"
477,1148,20807,10,"2017-11-21 18:18:21.807776","2017-11-21 18:18:21.807776"
478,1149,20808,1,"2017-11-21 18:18:23.048948","2017-11-21 18:18:23.048948"
479,1150,20808,2,"2017-11-21 18:18:23.057331","2017-11-21 18:18:23.057331"
480,1151,20808,3,"2017-11-21 18:18:23.062602","2017-11-21 18:18:23.062602"
481,1152,20808,4,"2017-11-21 18:18:23.068066","2017-11-21 18:18:23.068066"
482,1153,20808,5,"2017-11-21 18:18:23.073524","2017-11-21 18:18:23.073524"
483,1154,20808,6,"2017-11-21 18:18:23.079001","2017-11-21 18:18:23.079001"
484,1155,20808,7,"2017-11-21 18:18:23.084099","2017-11-21 18:18:23.084099"
485,1156,20808,8,"2017-11-21 18:18:23.089918","2017-11-21 18:18:23.089918"
486,1157,20808,9,"2017-11-21 18:18:23.095484","2017-11-21 18:18:23.095484"
487,1158,20808,10,"2017-11-21 18:18:23.101313","2017-11-21 18:18:23.101313"
488,1159,20809,1,"2017-11-21 18:18:27.314574","2017-11-21 18:18:27.314574"
489,1160,20809,2,"2017-11-21 18:18:27.323538","2017-11-21 18:18:27.323538"
490,1161,20809,3,"2017-11-21 18:18:27.330846","2017-11-21 18:18:27.330846"
491,1162,20809,4,"2017-11-21 18:18:27.339585","2017-11-21 18:18:27.339585"
492,1163,20809,5,"2017-11-21 18:18:27.348526","2017-11-21 18:18:27.348526"
493,1164,20809,6,"2017-11-21 18:18:27.357169","2017-11-21 18:18:27.357169"
494,1165,20809,7,"2017-11-21 18:18:27.367590","2017-11-21 18:18:27.367590"
495,1166,20809,8,"2017-11-21 18:18:27.381499","2017-11-21 18:18:27.381499"
496,1167,20809,9,"2017-11-21 18:18:27.389204","2017-11-21 18:18:27.389204"
497,1168,20809,10,"2017-11-21 18:18:27.396551","2017-11-21 18:18:27.396551"
498,1169,20810,1,"2017-11-21 18:18:29.053843","2017-11-21 18:18:29.053843"
499,1170,20810,2,"2017-11-21 18:18:29.059904","2017-11-21 18:18:29.059904"
500,1171,20810,3,"2017-11-21 18:18:29.065449","2017-11-21 18:18:29.065449"
501,1172,20810,4,"2017-11-21 18:18:29.071514","2017-11-21 18:18:29.071514"
502,1173,20810,5,"2017-11-21 18:18:29.077587","2017-11-21 18:18:29.077587"
503,1174,20810,6,"2017-11-21 18:18:29.084012","2017-11-21 18:18:29.084012"
504,1175,20810,7,"2017-11-21 18:18:29.090400","2017-11-21 18:18:29.090400"
505,1176,20810,8,"2017-11-21 18:18:29.095415","2017-11-21 18:18:29.095415"
506,1177,20810,9,"2017-11-21 18:18:29.101084","2017-11-21 18:18:29.101084"
507,1178,20810,10,"2017-11-21 18:18:29.110966","2017-11-21 18:18:29.110966"
508,1179,20811,1,"2017-11-21 18:18:30.409961","2017-11-21 18:18:30.409961"
509,1180,20811,2,"2017-11-21 18:18:30.416301","2017-11-21 18:18:30.416301"
510,1181,20811,3,"2017-11-21 18:18:30.422333","2017-11-21 18:18:30.422333"
511,1182,20811,4,"2017-11-21 18:18:30.430969","2017-11-21 18:18:30.430969"
512,1183,20812,1,"2017-11-21 18:18:31.679133","2017-11-21 18:18:31.679133"
513,1184,20812,2,"2017-11-21 18:18:31.685110","2017-11-21 18:18:31.685110"
514,1185,20812,3,"2017-11-21 18:18:31.691311","2017-11-21 18:18:31.691311"
515,1186,20812,4,"2017-11-21 18:18:31.700839","2017-11-21 18:18:31.700839"
516,1187,20812,5,"2017-11-21 18:18:31.707135","2017-11-21 18:18:31.707135"
517,1188,20812,6,"2017-11-21 18:18:31.712287","2017-11-21 18:18:31.712287"
518,1189,20812,7,"2017-11-21 18:18:31.718050","2017-11-21 18:18:31.718050"
519,1190,20812,8,"2017-11-21 18:18:31.723861","2017-11-21 18:18:31.723861"
520,1191,20812,9,"2017-11-21 18:18:31.729002","2017-11-21 18:18:31.729002"
521,1192,20812,10,"2017-11-21 18:18:31.734203","2017-11-21 18:18:31.734203"
522,1193,20813,1,"2017-11-21 18:18:33.153464","2017-11-21 18:18:33.153464"
523,1194,20813,2,"2017-11-21 18:18:33.159183","2017-11-21 18:18:33.159183"
524,1195,20813,3,"2017-11-21 18:18:33.168718","2017-11-21 18:18:33.168718"
525,1196,20813,4,"2017-11-21 18:18:33.176896","2017-11-21 18:18:33.176896"
526,1197,20813,5,"2017-11-21 18:18:33.181943","2017-11-21 18:18:33.181943"
527,1198,20813,6,"2017-11-21 18:18:33.187295","2017-11-21 18:18:33.187295"
528,1199,20813,7,"2017-11-21 18:18:33.196184","2017-11-21 18:18:33.196184"
529,1200,20813,8,"2017-11-21 18:18:33.202093","2017-11-21 18:18:33.202093"
530,1201,20813,9,"2017-11-21 18:18:33.207525","2017-11-21 18:18:33.207525"
531,1202,20813,10,"2017-11-21 18:18:33.213028","2017-11-21 18:18:33.213028"
532,1203,20814,1,"2017-11-21 18:18:34.464585","2017-11-21 18:18:34.464585"
533,1204,20814,2,"2017-11-21 18:18:34.470943","2017-11-21 18:18:34.470943"
534,1205,20814,3,"2017-11-21 18:18:34.476221","2017-11-21 18:18:34.476221"
535,1206,20814,4,"2017-11-21 18:18:34.481098","2017-11-21 18:18:34.481098"
536,1207,20814,5,"2017-11-21 18:18:34.486484","2017-11-21 18:18:34.486484"
537,1208,20814,6,"2017-11-21 18:18:34.491681","2017-11-21 18:18:34.491681"
538,1209,20814,7,"2017-11-21 18:18:34.496696","2017-11-21 18:18:34.496696"
539,1210,20814,8,"2017-11-21 18:18:34.501899","2017-11-21 18:18:34.501899"
540,1211,20814,9,"2017-11-21 18:18:34.507189","2017-11-21 18:18:34.507189"
541,1212,20814,10,"2017-11-21 18:18:34.514818","2017-11-21 18:18:34.514818"
542,1213,20815,1,"2017-11-21 18:18:35.837788","2017-11-21 18:18:35.837788"
543,1214,20815,2,"2017-11-21 18:18:35.843671","2017-11-21 18:18:35.843671"
544,1215,20815,3,"2017-11-21 18:18:35.849257","2017-11-21 18:18:35.849257"
545,1216,20815,4,"2017-11-21 18:18:35.854710","2017-11-21 18:18:35.854710"
546,1217,20815,5,"2017-11-21 18:18:35.860386","2017-11-21 18:18:35.860386"
547,1218,20815,6,"2017-11-21 18:18:35.865275","2017-11-21 18:18:35.865275"
548,1219,20815,7,"2017-11-21 18:18:35.870903","2017-11-21 18:18:35.870903"
549,1220,20815,8,"2017-11-21 18:18:35.876183","2017-11-21 18:18:35.876183"
550,1221,20815,9,"2017-11-21 18:18:35.881345","2017-11-21 18:18:35.881345"
551,1222,20815,10,"2017-11-21 18:18:35.889036","2017-11-21 18:18:35.889036"
552,1223,20816,1,"2017-11-21 18:18:37.200764","2017-11-21 18:18:37.200764"
553,1224,20816,2,"2017-11-21 18:18:37.208167","2017-11-21 18:18:37.208167"
554,1225,20816,3,"2017-11-21 18:18:37.213909","2017-11-21 18:18:37.213909"
555,1226,20816,4,"2017-11-21 18:18:37.220942","2017-11-21 18:18:37.220942"
556,1227,20816,5,"2017-11-21 18:18:37.230690","2017-11-21 18:18:37.230690"
557,1228,20816,6,"2017-11-21 18:18:37.242707","2017-11-21 18:18:37.242707"
558,1229,20816,7,"2017-11-21 18:18:37.251905","2017-11-21 18:18:37.251905"
559,1230,20816,8,"2017-11-21 18:18:37.264916","2017-11-21 18:18:37.264916"
560,1231,20816,9,"2017-11-21 18:18:37.272572","2017-11-21 18:18:37.272572"
561,1232,20816,10,"2017-11-21 18:18:37.282709","2017-11-21 18:18:37.282709"
562,1233,20817,1,"2017-11-21 18:18:41.582464","2017-11-21 18:18:41.582464"
563,1234,20817,2,"2017-11-21 18:18:41.594107","2017-11-21 18:18:41.594107"
564,1235,20817,3,"2017-11-21 18:18:41.602397","2017-11-21 18:18:41.602397"
565,1236,20817,4,"2017-11-21 18:18:41.610416","2017-11-21 18:18:41.610416"
566,1237,20817,5,"2017-11-21 18:18:41.617818","2017-11-21 18:18:41.617818"
567,1238,20817,6,"2017-11-21 18:18:41.625657","2017-11-21 18:18:41.625657"
568,1239,20817,7,"2017-11-21 18:18:41.633037","2017-11-21 18:18:41.633037"
569,1240,20817,8,"2017-11-21 18:18:41.642105","2017-11-21 18:18:41.642105"
570,1241,20817,9,"2017-11-21 18:18:41.648791","2017-11-21 18:18:41.648791"
571,1242,20817,10,"2017-11-21 18:18:41.656156","2017-11-21 18:18:41.656156"
572,1243,20818,1,"2017-11-21 18:18:42.983144","2017-11-21 18:18:42.983144"
573,1244,20818,2,"2017-11-21 18:18:42.990202","2017-11-21 18:18:42.990202"
574,1245,20818,3,"2017-11-21 18:18:42.995894","2017-11-21 18:18:42.995894"
575,1246,20818,4,"2017-11-21 18:18:43.002388","2017-11-21 18:18:43.002388"
576,1247,20818,5,"2017-11-21 18:18:43.008541","2017-11-21 18:18:43.008541"
577,1248,20818,6,"2017-11-21 18:18:43.013616","2017-11-21 18:18:43.013616"
578,1249,20818,7,"2017-11-21 18:18:43.018941","2017-11-21 18:18:43.018941"
579,1250,20818,8,"2017-11-21 18:18:43.025087","2017-11-21 18:18:43.025087"
580,1251,20818,9,"2017-11-21 18:18:43.030379","2017-11-21 18:18:43.030379"
581,1252,20818,10,"2017-11-21 18:18:43.035801","2017-11-21 18:18:43.035801"
582,1253,20819,1,"2017-11-21 18:18:44.836589","2017-11-21 18:18:44.836589"
583,1254,20819,2,"2017-11-21 18:18:44.842645","2017-11-21 18:18:44.842645"
584,1255,20819,3,"2017-11-21 18:18:44.849093","2017-11-21 18:18:44.849093"
585,1256,20819,4,"2017-11-21 18:18:44.854690","2017-11-21 18:18:44.854690"
586,1257,20819,5,"2017-11-21 18:18:44.862110","2017-11-21 18:18:44.862110"
587,1258,20819,6,"2017-11-21 18:18:44.867334","2017-11-21 18:18:44.867334"
588,1259,20819,7,"2017-11-21 18:18:44.872707","2017-11-21 18:18:44.872707"
589,1260,20819,8,"2017-11-21 18:18:44.877871","2017-11-21 18:18:44.877871"
590,1261,20819,9,"2017-11-21 18:18:44.882892","2017-11-21 18:18:44.882892"
591,1262,20819,10,"2017-11-21 18:18:44.888565","2017-11-21 18:18:44.888565"
592,1263,20820,1,"2017-11-21 18:18:46.274409","2017-11-21 18:18:46.274409"
593,1264,20820,2,"2017-11-21 18:18:46.280675","2017-11-21 18:18:46.280675"
594,1265,20820,3,"2017-11-21 18:18:46.286751","2017-11-21 18:18:46.286751"
595,1266,20820,4,"2017-11-21 18:18:46.293924","2017-11-21 18:18:46.293924"
596,1267,20820,5,"2017-11-21 18:18:46.302596","2017-11-21 18:18:46.302596"
597,1268,20820,6,"2017-11-21 18:18:46.308675","2017-11-21 18:18:46.308675"
598,1269,20820,7,"2017-11-21 18:18:46.314142","2017-11-21 18:18:46.314142"
599,1270,20820,8,"2017-11-21 18:18:46.320175","2017-11-21 18:18:46.320175"
600,1271,20820,9,"2017-11-21 18:18:46.326072","2017-11-21 18:18:46.326072"
601,1272,20820,10,"2017-11-21 18:18:46.331746","2017-11-21 18:18:46.331746"
602,1273,20821,1,"2017-11-21 18:18:47.897164","2017-11-21 18:18:47.897164"
603,1274,20821,2,"2017-11-21 18:18:47.903771","2017-11-21 18:18:47.903771"
604,1275,20821,3,"2017-11-21 18:18:47.913573","2017-11-21 18:18:47.913573"
605,1276,20821,4,"2017-11-21 18:18:47.918741","2017-11-21 18:18:47.918741"
606,1277,20821,5,"2017-11-21 18:18:47.924891","2017-11-21 18:18:47.924891"
607,1278,20821,6,"2017-11-21 18:18:47.930904","2017-11-21 18:18:47.930904"
608,1279,20821,7,"2017-11-21 18:18:47.936673","2017-11-21 18:18:47.936673"
609,1280,20821,8,"2017-11-21 18:18:47.942238","2017-11-21 18:18:47.942238"
610,1281,20821,9,"2017-11-21 18:18:47.947951","2017-11-21 18:18:47.947951"
611,1282,20821,10,"2017-11-21 18:18:47.953211","2017-11-21 18:18:47.953211"
612,1283,20822,1,"2017-11-21 18:18:49.192830","2017-11-21 18:18:49.192830"
613,1284,20822,2,"2017-11-21 18:18:49.198537","2017-11-21 18:18:49.198537"
614,1285,20822,3,"2017-11-21 18:18:49.220886","2017-11-21 18:18:49.220886"
615,1286,20822,4,"2017-11-21 18:18:49.229526","2017-11-21 18:18:49.229526"
616,1287,20822,5,"2017-11-21 18:18:49.235414","2017-11-21 18:18:49.235414"
617,1288,20822,6,"2017-11-21 18:18:49.240446","2017-11-21 18:18:49.240446"
618,1289,20822,7,"2017-11-21 18:18:49.245483","2017-11-21 18:18:49.245483"
619,1290,20822,8,"2017-11-21 18:18:49.251595","2017-11-21 18:18:49.251595"
620,1291,20822,9,"2017-11-21 18:18:49.259552","2017-11-21 18:18:49.259552"
621,1292,20822,10,"2017-11-21 18:18:49.264658","2017-11-21 18:18:49.264658"
622,1293,20823,1,"2017-11-21 18:18:50.660653","2017-11-21 18:18:50.660653"
623,1294,20823,2,"2017-11-21 18:18:50.666598","2017-11-21 18:18:50.666598"
624,1295,20823,3,"2017-11-21 18:18:50.672044","2017-11-21 18:18:50.672044"
625,1296,20823,4,"2017-11-21 18:18:50.680701","2017-11-21 18:18:50.680701"
626,1297,20823,5,"2017-11-21 18:18:50.686203","2017-11-21 18:18:50.686203"
627,1298,20823,6,"2017-11-21 18:18:50.691254","2017-11-21 18:18:50.691254"
628,1299,20823,7,"2017-11-21 18:18:50.696738","2017-11-21 18:18:50.696738"
629,1300,20823,8,"2017-11-21 18:18:50.704975","2017-11-21 18:18:50.704975"
630,1301,20823,9,"2017-11-21 18:18:50.710137","2017-11-21 18:18:50.710137"
631,1302,20823,10,"2017-11-21 18:18:50.716312","2017-11-21 18:18:50.716312"
632,1303,20824,1,"2017-11-21 18:18:55.391483","2017-11-21 18:18:55.391483"
633,1304,20824,2,"2017-11-21 18:18:55.398948","2017-11-21 18:18:55.398948"
634,1305,20824,3,"2017-11-21 18:18:55.407296","2017-11-21 18:18:55.407296"
635,1306,20824,4,"2017-11-21 18:18:55.414318","2017-11-21 18:18:55.414318"
636,1307,20824,5,"2017-11-21 18:18:55.421654","2017-11-21 18:18:55.421654"
637,1308,20824,6,"2017-11-21 18:18:55.428033","2017-11-21 18:18:55.428033"
638,1309,20824,7,"2017-11-21 18:18:55.434325","2017-11-21 18:18:55.434325"
639,1310,20824,8,"2017-11-21 18:18:55.440862","2017-11-21 18:18:55.440862"
640,1311,20824,9,"2017-11-21 18:18:55.447835","2017-11-21 18:18:55.447835"
641,1312,20824,10,"2017-11-21 18:18:55.458401","2017-11-21 18:18:55.458401"
642,1313,20825,1,"2017-11-21 18:18:56.911145","2017-11-21 18:18:56.911145"
643,1314,20825,2,"2017-11-21 18:18:56.916826","2017-11-21 18:18:56.916826"
644,1315,20825,3,"2017-11-21 18:18:56.923883","2017-11-21 18:18:56.923883"
645,1316,20825,4,"2017-11-21 18:18:56.931507","2017-11-21 18:18:56.931507"
646,1317,20825,5,"2017-11-21 18:18:56.937350","2017-11-21 18:18:56.937350"
647,1318,20825,6,"2017-11-21 18:18:56.943447","2017-11-21 18:18:56.943447"
648,1319,20825,7,"2017-11-21 18:18:56.949775","2017-11-21 18:18:56.949775"
649,1320,20825,8,"2017-11-21 18:18:56.955707","2017-11-21 18:18:56.955707"
650,1321,20825,9,"2017-11-21 18:18:56.960919","2017-11-21 18:18:56.960919"
651,1322,20825,10,"2017-11-21 18:18:56.966167","2017-11-21 18:18:56.966167"
652,1323,20826,1,"2017-11-21 18:18:58.549231","2017-11-21 18:18:58.549231"
653,1324,20826,2,"2017-11-21 18:18:58.556297","2017-11-21 18:18:58.556297"
654,1325,20826,3,"2017-11-21 18:18:58.567510","2017-11-21 18:18:58.567510"
655,1326,20826,4,"2017-11-21 18:18:58.572762","2017-11-21 18:18:58.572762"
656,1327,20826,5,"2017-11-21 18:18:58.581134","2017-11-21 18:18:58.581134"
657,1328,20826,6,"2017-11-21 18:18:58.589268","2017-11-21 18:18:58.589268"
658,1329,20826,7,"2017-11-21 18:18:58.594298","2017-11-21 18:18:58.594298"
659,1330,20826,8,"2017-11-21 18:18:58.599717","2017-11-21 18:18:58.599717"
660,1331,20826,9,"2017-11-21 18:18:58.605575","2017-11-21 18:18:58.605575"
661,1332,20826,10,"2017-11-21 18:18:58.610911","2017-11-21 18:18:58.610911"
662,1061,20827,1,"2017-11-21 18:18:59.975607","2017-11-21 18:18:59.975607"
663,1062,20827,2,"2017-11-21 18:18:59.981769","2017-11-21 18:18:59.981769"
664,1063,20827,3,"2017-11-21 18:18:59.986907","2017-11-21 18:18:59.986907"
665,1066,20827,4,"2017-11-21 18:18:59.991150","2017-11-21 18:18:59.991150"
666,1067,20827,5,"2017-11-21 18:18:59.994120","2017-11-21 18:18:59.994120"
667,1068,20827,6,"2017-11-21 18:18:59.997013","2017-11-21 18:18:59.997013"
668,1069,20827,7,"2017-11-21 18:19:00.000206","2017-11-21 18:19:00.000206"
669,1070,20827,8,"2017-11-21 18:19:00.003797","2017-11-21 18:19:00.003797"
670,1333,20827,9,"2017-11-21 18:19:00.011100","2017-11-21 18:19:00.011100"
671,1334,20827,10,"2017-11-21 18:19:00.016636","2017-11-21 18:19:00.016636"
672,1335,20828,1,"2017-11-21 18:19:01.873932","2017-11-21 18:19:01.873932"
673,1336,20828,2,"2017-11-21 18:19:01.880041","2017-11-21 18:19:01.880041"
674,1337,20828,3,"2017-11-21 18:19:01.885757","2017-11-21 18:19:01.885757"
675,1338,20828,4,"2017-11-21 18:19:01.891184","2017-11-21 18:19:01.891184"
676,1339,20828,5,"2017-11-21 18:19:01.896577","2017-11-21 18:19:01.896577"
677,1340,20828,6,"2017-11-21 18:19:01.901710","2017-11-21 18:19:01.901710"
678,1341,20828,7,"2017-11-21 18:19:01.907470","2017-11-21 18:19:01.907470"
679,1342,20828,8,"2017-11-21 18:19:01.912887","2017-11-21 18:19:01.912887"
680,1343,20828,9,"2017-11-21 18:19:01.919230","2017-11-21 18:19:01.919230"
681,1344,20828,10,"2017-11-21 18:19:01.925480","2017-11-21 18:19:01.925480"
682,1345,20829,1,"2017-11-21 18:19:03.190510","2017-11-21 18:19:03.190510"
683,1346,20829,2,"2017-11-21 18:19:03.196646","2017-11-21 18:19:03.196646"
684,1347,20829,3,"2017-11-21 18:19:03.202866","2017-11-21 18:19:03.202866"
685,1348,20829,4,"2017-11-21 18:19:03.208568","2017-11-21 18:19:03.208568"
686,1349,20829,5,"2017-11-21 18:19:03.214266","2017-11-21 18:19:03.214266"
687,1350,20829,6,"2017-11-21 18:19:03.219816","2017-11-21 18:19:03.219816"
688,1351,20829,7,"2017-11-21 18:19:03.225504","2017-11-21 18:19:03.225504"
689,1352,20829,8,"2017-11-21 18:19:03.231152","2017-11-21 18:19:03.231152"
690,1353,20829,9,"2017-11-21 18:19:03.237166","2017-11-21 18:19:03.237166"
691,1354,20829,10,"2017-11-21 18:19:03.242872","2017-11-21 18:19:03.242872"
692,1355,20830,1,"2017-11-21 18:19:04.493700","2017-11-21 18:19:04.493700"
693,1356,20830,2,"2017-11-21 18:19:04.499258","2017-11-21 18:19:04.499258"
694,1357,20830,3,"2017-11-21 18:19:04.508431","2017-11-21 18:19:04.508431"
695,1358,20830,4,"2017-11-21 18:19:04.513873","2017-11-21 18:19:04.513873"
696,1359,20830,5,"2017-11-21 18:19:04.519047","2017-11-21 18:19:04.519047"
697,1360,20830,6,"2017-11-21 18:19:04.524460","2017-11-21 18:19:04.524460"
698,1361,20830,7,"2017-11-21 18:19:04.532190","2017-11-21 18:19:04.532190"
699,1362,20830,8,"2017-11-21 18:19:04.537675","2017-11-21 18:19:04.537675"
700,1363,20830,9,"2017-11-21 18:19:04.542520","2017-11-21 18:19:04.542520"
701,1364,20830,10,"2017-11-21 18:19:04.547939","2017-11-21 18:19:04.547939"
702,1365,20831,1,"2017-11-21 18:19:06.721802","2017-11-21 18:19:06.721802"
703,1366,20831,2,"2017-11-21 18:19:06.730134","2017-11-21 18:19:06.730134"
704,1367,20831,3,"2017-11-21 18:19:06.735481","2017-11-21 18:19:06.735481"
705,1368,20831,4,"2017-11-21 18:19:06.741704","2017-11-21 18:19:06.741704"
706,1369,20831,5,"2017-11-21 18:19:06.746865","2017-11-21 18:19:06.746865"
707,1370,20831,6,"2017-11-21 18:19:06.751808","2017-11-21 18:19:06.751808"
708,1371,20831,7,"2017-11-21 18:19:06.757486","2017-11-21 18:19:06.757486"
709,1372,20831,8,"2017-11-21 18:19:06.765151","2017-11-21 18:19:06.765151"
710,1373,20831,9,"2017-11-21 18:19:06.770765","2017-11-21 18:19:06.770765"
711,1374,20831,10,"2017-11-21 18:19:06.776130","2017-11-21 18:19:06.776130"
712,1375,20832,1,"2017-11-21 18:19:09.554415","2017-11-21 18:19:09.554415"
713,1376,20832,2,"2017-11-21 18:19:09.561791","2017-11-21 18:19:09.561791"
714,1377,20832,3,"2017-11-21 18:19:09.568202","2017-11-21 18:19:09.568202"
715,1378,20832,4,"2017-11-21 18:19:09.577211","2017-11-21 18:19:09.577211"
716,1379,20832,5,"2017-11-21 18:19:09.584983","2017-11-21 18:19:09.584983"
717,1380,20832,6,"2017-11-21 18:19:09.596157","2017-11-21 18:19:09.596157"
718,1381,20832,7,"2017-11-21 18:19:09.603093","2017-11-21 18:19:09.603093"
719,1382,20832,8,"2017-11-21 18:19:09.610526","2017-11-21 18:19:09.610526"
720,1383,20832,9,"2017-11-21 18:19:09.616985","2017-11-21 18:19:09.616985"
721,1384,20832,10,"2017-11-21 18:19:09.625093","2017-11-21 18:19:09.625093"
722,1385,20833,1,"2017-11-21 18:19:11.004125","2017-11-21 18:19:11.004125"
723,1386,20833,2,"2017-11-21 18:19:11.010682","2017-11-21 18:19:11.010682"
724,1387,20833,3,"2017-11-21 18:19:11.016400","2017-11-21 18:19:11.016400"
725,1388,20833,4,"2017-11-21 18:19:11.022075","2017-11-21 18:19:11.022075"
726,1389,20833,5,"2017-11-21 18:19:11.026865","2017-11-21 18:19:11.026865"
727,1390,20833,6,"2017-11-21 18:19:11.032041","2017-11-21 18:19:11.032041"
728,1391,20833,7,"2017-11-21 18:19:11.037293","2017-11-21 18:19:11.037293"
729,1392,20833,8,"2017-11-21 18:19:11.042985","2017-11-21 18:19:11.042985"
730,1393,20833,9,"2017-11-21 18:19:11.048978","2017-11-21 18:19:11.048978"
731,1394,20833,10,"2017-11-21 18:19:11.054726","2017-11-21 18:19:11.054726"
732,1395,20834,1,"2017-11-21 18:19:12.720217","2017-11-21 18:19:12.720217"
733,1396,20834,2,"2017-11-21 18:19:12.727449","2017-11-21 18:19:12.727449"
734,1397,20834,3,"2017-11-21 18:19:12.733166","2017-11-21 18:19:12.733166"
735,1398,20834,4,"2017-11-21 18:19:12.739376","2017-11-21 18:19:12.739376"
736,1399,20834,5,"2017-11-21 18:19:12.745329","2017-11-21 18:19:12.745329"
737,1400,20834,6,"2017-11-21 18:19:12.750648","2017-11-21 18:19:12.750648"
738,1401,20834,7,"2017-11-21 18:19:12.756377","2017-11-21 18:19:12.756377"
739,1402,20834,8,"2017-11-21 18:19:12.762250","2017-11-21 18:19:12.762250"
740,1403,20834,9,"2017-11-21 18:19:12.767789","2017-11-21 18:19:12.767789"
741,1404,20834,10,"2017-11-21 18:19:12.773510","2017-11-21 18:19:12.773510"
742,1405,20835,1,"2017-11-21 18:19:14.042586","2017-11-21 18:19:14.042586"
743,1406,20835,2,"2017-11-21 18:19:14.048558","2017-11-21 18:19:14.048558"
744,1407,20835,3,"2017-11-21 18:19:14.054135","2017-11-21 18:19:14.054135"
745,1408,20835,4,"2017-11-21 18:19:14.059203","2017-11-21 18:19:14.059203"
746,1409,20835,5,"2017-11-21 18:19:14.064182","2017-11-21 18:19:14.064182"
747,1410,20836,1,"2017-11-21 18:19:15.544569","2017-11-21 18:19:15.544569"
748,1411,20836,2,"2017-11-21 18:19:15.550180","2017-11-21 18:19:15.550180"
749,1412,20836,3,"2017-11-21 18:19:15.556050","2017-11-21 18:19:15.556050"
750,1413,20836,4,"2017-11-21 18:19:15.561006","2017-11-21 18:19:15.561006"
751,1414,20836,5,"2017-11-21 18:19:15.566021","2017-11-21 18:19:15.566021"
752,1415,20836,6,"2017-11-21 18:19:15.574438","2017-11-21 18:19:15.574438"
753,1416,20836,7,"2017-11-21 18:19:15.579573","2017-11-21 18:19:15.579573"
754,1417,20836,8,"2017-11-21 18:19:15.584711","2017-11-21 18:19:15.584711"
755,1418,20836,9,"2017-11-21 18:19:15.590068","2017-11-21 18:19:15.590068"
756,1419,20836,10,"2017-11-21 18:19:15.595210","2017-11-21 18:19:15.595210"
757,1420,20837,1,"2017-11-21 18:19:16.829469","2017-11-21 18:19:16.829469"
758,1421,20837,2,"2017-11-21 18:19:16.837922","2017-11-21 18:19:16.837922"
759,1422,20837,3,"2017-11-21 18:19:16.844325","2017-11-21 18:19:16.844325"
760,1423,20837,4,"2017-11-21 18:19:16.850350","2017-11-21 18:19:16.850350"
761,1424,20837,5,"2017-11-21 18:19:16.857884","2017-11-21 18:19:16.857884"
762,1425,20837,6,"2017-11-21 18:19:16.863772","2017-11-21 18:19:16.863772"
763,1426,20837,7,"2017-11-21 18:19:16.868834","2017-11-21 18:19:16.868834"
764,1427,20837,8,"2017-11-21 18:19:16.874788","2017-11-21 18:19:16.874788"
765,1428,20837,9,"2017-11-21 18:19:16.881308","2017-11-21 18:19:16.881308"
766,1429,20837,10,"2017-11-21 18:19:16.887318","2017-11-21 18:19:16.887318"
767,1430,20838,1,"2017-11-21 18:19:18.617256","2017-11-21 18:19:18.617256"
768,1431,20838,2,"2017-11-21 18:19:18.627892","2017-11-21 18:19:18.627892"
769,1432,20838,3,"2017-11-21 18:19:18.633884","2017-11-21 18:19:18.633884"
770,1433,20838,4,"2017-11-21 18:19:18.640396","2017-11-21 18:19:18.640396"
771,1434,20838,5,"2017-11-21 18:19:18.645879","2017-11-21 18:19:18.645879"
772,1435,20838,6,"2017-11-21 18:19:18.651297","2017-11-21 18:19:18.651297"
773,1436,20838,7,"2017-11-21 18:19:18.657562","2017-11-21 18:19:18.657562"
774,1437,20838,8,"2017-11-21 18:19:18.664778","2017-11-21 18:19:18.664778"
775,1438,20838,9,"2017-11-21 18:19:18.670775","2017-11-21 18:19:18.670775"
776,1439,20838,10,"2017-11-21 18:19:18.678419","2017-11-21 18:19:18.678419"
777,1440,20839,1,"2017-11-21 18:19:23.169414","2017-11-21 18:19:23.169414"
778,1441,20839,2,"2017-11-21 18:19:23.188867","2017-11-21 18:19:23.188867"
779,1442,20839,3,"2017-11-21 18:19:23.202056","2017-11-21 18:19:23.202056"
780,1443,20839,4,"2017-11-21 18:19:23.219495","2017-11-21 18:19:23.219495"
781,1444,20839,5,"2017-11-21 18:19:23.241087","2017-11-21 18:19:23.241087"
782,1445,20839,6,"2017-11-21 18:19:23.260228","2017-11-21 18:19:23.260228"
783,1446,20839,7,"2017-11-21 18:19:23.279908","2017-11-21 18:19:23.279908"
784,1447,20839,8,"2017-11-21 18:19:23.295311","2017-11-21 18:19:23.295311"
785,1448,20839,9,"2017-11-21 18:19:23.306222","2017-11-21 18:19:23.306222"
786,1449,20839,10,"2017-11-21 18:19:23.320111","2017-11-21 18:19:23.320111"
787,1450,20840,1,"2017-11-21 18:19:25.025142","2017-11-21 18:19:25.025142"
788,1451,20840,2,"2017-11-21 18:19:25.034547","2017-11-21 18:19:25.034547"
789,1452,20840,3,"2017-11-21 18:19:25.042689","2017-11-21 18:19:25.042689"
790,1453,20840,4,"2017-11-21 18:19:25.049566","2017-11-21 18:19:25.049566"
791,1454,20840,5,"2017-11-21 18:19:25.063202","2017-11-21 18:19:25.063202"
792,1455,20840,6,"2017-11-21 18:19:25.069869","2017-11-21 18:19:25.069869"
793,1456,20840,7,"2017-11-21 18:19:25.079217","2017-11-21 18:19:25.079217"
794,1457,20840,8,"2017-11-21 18:19:25.087561","2017-11-21 18:19:25.087561"
795,1458,20840,9,"2017-11-21 18:19:25.093807","2017-11-21 18:19:25.093807"
796,1459,20840,10,"2017-11-21 18:19:25.105224","2017-11-21 18:19:25.105224"
797,1460,20841,1,"2017-11-21 18:19:26.456812","2017-11-21 18:19:26.456812"
798,1461,20841,2,"2017-11-21 18:19:26.462561","2017-11-21 18:19:26.462561"
799,1462,20841,3,"2017-11-21 18:19:26.467793","2017-11-21 18:19:26.467793"
800,1463,20841,4,"2017-11-21 18:19:26.473486","2017-11-21 18:19:26.473486"
801,1464,20841,5,"2017-11-21 18:19:26.479317","2017-11-21 18:19:26.479317"
802,1465,20841,6,"2017-11-21 18:19:26.485143","2017-11-21 18:19:26.485143"
803,1466,20841,7,"2017-11-21 18:19:26.490910","2017-11-21 18:19:26.490910"
804,1467,20841,8,"2017-11-21 18:19:26.496004","2017-11-21 18:19:26.496004"
805,1468,20841,9,"2017-11-21 18:19:26.501348","2017-11-21 18:19:26.501348"
806,1469,20841,10,"2017-11-21 18:19:26.506812","2017-11-21 18:19:26.506812"
807,1460,20841,1,"2017-11-22 11:22:31.423041","2017-11-22 11:22:31.423041"
808,1461,20841,2,"2017-11-22 11:22:31.430578","2017-11-22 11:22:31.430578"
809,1463,20841,3,"2017-11-22 11:22:31.436402","2017-11-22 11:22:31.436402"
810,1462,20841,4,"2017-11-22 11:22:31.442010","2017-11-22 11:22:31.442010"
811,1464,20841,5,"2017-11-22 11:22:31.447778","2017-11-22 11:22:31.447778"
812,1467,20841,6,"2017-11-22 11:22:31.453656","2017-11-22 11:22:31.453656"
813,1466,20841,7,"2017-11-22 11:22:31.459758","2017-11-22 11:22:31.459758"
814,1470,20841,8,"2017-11-22 11:22:31.468307","2017-11-22 11:22:31.468307"
815,1465,20841,9,"2017-11-22 11:22:31.473274","2017-11-22 11:22:31.473274"
816,1471,20841,10,"2017-11-22 11:22:31.481832","2017-11-22 11:22:31.481832"
817,1472,20842,1,"2017-11-22 11:22:33.221245","2017-11-22 11:22:33.221245"
818,1460,20841,1,"2017-11-22 11:22:55.715478","2017-11-22 11:22:55.715478"
819,1461,20841,2,"2017-11-22 11:22:55.720722","2017-11-22 11:22:55.720722"
820,1463,20841,3,"2017-11-22 11:22:55.723640","2017-11-22 11:22:55.723640"
821,1462,20841,4,"2017-11-22 11:22:55.727755","2017-11-22 11:22:55.727755"
822,1464,20841,5,"2017-11-22 11:22:55.731298","2017-11-22 11:22:55.731298"
823,1467,20841,6,"2017-11-22 11:22:55.734938","2017-11-22 11:22:55.734938"
824,1466,20841,7,"2017-11-22 11:22:55.737893","2017-11-22 11:22:55.737893"
825,1470,20841,8,"2017-11-22 11:22:55.740927","2017-11-22 11:22:55.740927"
826,1465,20841,9,"2017-11-22 11:22:55.744124","2017-11-22 11:22:55.744124"
827,1471,20841,10,"2017-11-22 11:22:55.747173","2017-11-22 11:22:55.747173"
828,1472,20842,1,"2017-11-22 11:22:57.531114","2017-11-22 11:22:57.531114"
829,1460,20841,1,"2017-11-22 11:23:21.223710","2017-11-22 11:23:21.223710"
830,1461,20841,2,"2017-11-22 11:23:21.227576","2017-11-22 11:23:21.227576"
831,1463,20841,3,"2017-11-22 11:23:21.230706","2017-11-22 11:23:21.230706"
832,1462,20841,4,"2017-11-22 11:23:21.234317","2017-11-22 11:23:21.234317"
833,1464,20841,5,"2017-11-22 11:23:21.237493","2017-11-22 11:23:21.237493"
834,1467,20841,6,"2017-11-22 11:23:21.240514","2017-11-22 11:23:21.240514"
835,1466,20841,7,"2017-11-22 11:23:21.243407","2017-11-22 11:23:21.243407"
836,1470,20841,8,"2017-11-22 11:23:21.246307","2017-11-22 11:23:21.246307"
837,1465,20841,9,"2017-11-22 11:23:21.249823","2017-11-22 11:23:21.249823"
838,1471,20841,10,"2017-11-22 11:23:21.253108","2017-11-22 11:23:21.253108"
839,1472,20842,1,"2017-11-22 11:23:22.990401","2017-11-22 11:23:22.990401"
840,1460,20841,1,"2017-11-22 11:25:31.823340","2017-11-22 11:25:31.823340"
841,1461,20841,2,"2017-11-22 11:25:31.827137","2017-11-22 11:25:31.827137"
842,1463,20841,3,"2017-11-22 11:25:31.830378","2017-11-22 11:25:31.830378"
843,1462,20841,4,"2017-11-22 11:25:31.834150","2017-11-22 11:25:31.834150"
844,1464,20841,5,"2017-11-22 11:25:31.842405","2017-11-22 11:25:31.842405"
845,1467,20841,6,"2017-11-22 11:25:31.847342","2017-11-22 11:25:31.847342"
846,1466,20841,7,"2017-11-22 11:25:31.853137","2017-11-22 11:25:31.853137"
847,1470,20841,8,"2017-11-22 11:25:31.856824","2017-11-22 11:25:31.856824"
848,1465,20841,9,"2017-11-22 11:25:31.860418","2017-11-22 11:25:31.860418"
849,1471,20841,10,"2017-11-22 11:25:31.863670","2017-11-22 11:25:31.863670"
850,1472,20842,1,"2017-11-22 11:25:33.623926","2017-11-22 11:25:33.623926"
851,1460,20841,1,"2017-11-22 11:26:03.931049","2017-11-22 11:26:03.931049"
852,1461,20841,2,"2017-11-22 11:26:03.935057","2017-11-22 11:26:03.935057"
853,1463,20841,3,"2017-11-22 11:26:03.938182","2017-11-22 11:26:03.938182"
854,1462,20841,4,"2017-11-22 11:26:03.941273","2017-11-22 11:26:03.941273"
855,1464,20841,5,"2017-11-22 11:26:03.944474","2017-11-22 11:26:03.944474"
856,1467,20841,6,"2017-11-22 11:26:03.947502","2017-11-22 11:26:03.947502"
857,1466,20841,7,"2017-11-22 11:26:03.950941","2017-11-22 11:26:03.950941"
858,1470,20841,8,"2017-11-22 11:26:03.954535","2017-11-22 11:26:03.954535"
859,1465,20841,9,"2017-11-22 11:26:03.957580","2017-11-22 11:26:03.957580"
860,1471,20841,10,"2017-11-22 11:26:03.960603","2017-11-22 11:26:03.960603"
861,1472,20842,1,"2017-11-22 11:26:05.701359","2017-11-22 11:26:05.701359"
862,1460,20841,1,"2017-11-22 11:28:18.619655","2017-11-22 11:28:18.619655"
863,1461,20841,2,"2017-11-22 11:28:18.625781","2017-11-22 11:28:18.625781"
864,1463,20841,3,"2017-11-22 11:28:18.630669","2017-11-22 11:28:18.630669"
865,1462,20841,4,"2017-11-22 11:28:18.635285","2017-11-22 11:28:18.635285"
866,1464,20841,5,"2017-11-22 11:28:18.640699","2017-11-22 11:28:18.640699"
867,1467,20841,6,"2017-11-22 11:28:18.645214","2017-11-22 11:28:18.645214"
868,1466,20841,7,"2017-11-22 11:28:18.649053","2017-11-22 11:28:18.649053"
869,1470,20841,8,"2017-11-22 11:28:18.652965","2017-11-22 11:28:18.652965"
870,1465,20841,9,"2017-11-22 11:28:18.656315","2017-11-22 11:28:18.656315"
871,1471,20841,10,"2017-11-22 11:28:18.659593","2017-11-22 11:28:18.659593"
872,1472,20842,1,"2017-11-22 11:28:20.403326","2017-11-22 11:28:20.403326"
873,1473,20842,3,"2017-11-22 11:28:20.534042","2017-11-22 11:28:20.534042"
874,1474,20842,4,"2017-11-22 11:28:20.538944","2017-11-22 11:28:20.538944"
875,1475,20842,5,"2017-11-22 11:28:20.546278","2017-11-22 11:28:20.546278"
876,1476,20842,8,"2017-11-22 11:28:20.556811","2017-11-22 11:28:20.556811"
877,1477,20842,9,"2017-11-22 11:28:20.561815","2017-11-22 11:28:20.561815"
878,1478,20842,10,"2017-11-22 11:28:20.567593","2017-11-22 11:28:20.567593"
879,1479,20843,1,"2017-11-22 11:28:22.452925","2017-11-22 11:28:22.452925"
880,1480,20843,2,"2017-11-22 11:28:22.458129","2017-11-22 11:28:22.458129"
881,1481,20843,3,"2017-11-22 11:28:22.463881","2017-11-22 11:28:22.463881"
882,1482,20843,4,"2017-11-22 11:28:22.468885","2017-11-22 11:28:22.468885"
883,1483,20843,5,"2017-11-22 11:28:22.474207","2017-11-22 11:28:22.474207"
884,1484,20843,6,"2017-11-22 11:28:22.479579","2017-11-22 11:28:22.479579"
885,1485,20843,7,"2017-11-22 11:28:22.485783","2017-11-22 11:28:22.485783"
886,1486,20843,8,"2017-11-22 11:28:22.491315","2017-11-22 11:28:22.491315"
887,1487,20843,9,"2017-11-22 11:28:22.497098","2017-11-22 11:28:22.497098"
888,1488,20843,10,"2017-11-22 11:28:22.503126","2017-11-22 11:28:22.503126"
889,1489,20844,1,"2017-11-22 11:28:24.501890","2017-11-22 11:28:24.501890"
890,1490,20844,2,"2017-11-22 11:28:24.507114","2017-11-22 11:28:24.507114"
891,1491,20844,3,"2017-11-22 11:28:24.517868","2017-11-22 11:28:24.517868"
892,1492,20844,4,"2017-11-22 11:28:24.523429","2017-11-22 11:28:24.523429"
893,1493,20844,5,"2017-11-22 11:28:24.528817","2017-11-22 11:28:24.528817"
894,1494,20844,6,"2017-11-22 11:28:24.534565","2017-11-22 11:28:24.534565"
895,1495,20844,7,"2017-11-22 11:28:24.540540","2017-11-22 11:28:24.540540"
896,1496,20844,8,"2017-11-22 11:28:24.545783","2017-11-22 11:28:24.545783"
897,1497,20844,9,"2017-11-22 11:28:24.551204","2017-11-22 11:28:24.551204"
898,1498,20844,10,"2017-11-22 11:28:24.556618","2017-11-22 11:28:24.556618"
899,1460,20841,1,"2017-11-22 11:30:11.977396","2017-11-22 11:30:11.977396"
900,1461,20841,2,"2017-11-22 11:30:11.981866","2017-11-22 11:30:11.981866"
901,1463,20841,3,"2017-11-22 11:30:11.985102","2017-11-22 11:30:11.985102"
902,1462,20841,4,"2017-11-22 11:30:11.988632","2017-11-22 11:30:11.988632"
903,1464,20841,5,"2017-11-22 11:30:11.992288","2017-11-22 11:30:11.992288"
904,1466,20841,6,"2017-11-22 11:30:11.995431","2017-11-22 11:30:11.995431"
905,1470,20841,7,"2017-11-22 11:30:11.998798","2017-11-22 11:30:11.998798"
906,1467,20841,8,"2017-11-22 11:30:12.002995","2017-11-22 11:30:12.002995"
907,1468,20841,9,"2017-11-22 11:30:12.006749","2017-11-22 11:30:12.006749"
908,1469,20841,10,"2017-11-22 11:30:12.010329","2017-11-22 11:30:12.010329"
909,1472,20842,1,"2017-11-22 11:30:13.762384","2017-11-22 11:30:13.762384"
910,1473,20842,3,"2017-11-22 11:30:13.925389","2017-11-22 11:30:13.925389"
911,1474,20842,4,"2017-11-22 11:30:13.929239","2017-11-22 11:30:13.929239"
912,1475,20842,5,"2017-11-22 11:30:13.933273","2017-11-22 11:30:13.933273"
913,1476,20842,8,"2017-11-22 11:30:13.948654","2017-11-22 11:30:13.948654"
914,1477,20842,9,"2017-11-22 11:30:13.953108","2017-11-22 11:30:13.953108"
915,1478,20842,10,"2017-11-22 11:30:13.956864","2017-11-22 11:30:13.956864"
916,1479,20843,1,"2017-11-22 11:30:15.725038","2017-11-22 11:30:15.725038"
917,1480,20843,2,"2017-11-22 11:30:15.730149","2017-11-22 11:30:15.730149"
918,1481,20843,3,"2017-11-22 11:30:15.733433","2017-11-22 11:30:15.733433"
919,1482,20843,4,"2017-11-22 11:30:15.736630","2017-11-22 11:30:15.736630"
920,1483,20843,5,"2017-11-22 11:30:15.744974","2017-11-22 11:30:15.744974"
921,1484,20843,6,"2017-11-22 11:30:15.749340","2017-11-22 11:30:15.749340"
922,1485,20843,7,"2017-11-22 11:30:15.753004","2017-11-22 11:30:15.753004"
923,1486,20843,8,"2017-11-22 11:30:15.756140","2017-11-22 11:30:15.756140"
924,1487,20843,9,"2017-11-22 11:30:15.760122","2017-11-22 11:30:15.760122"
925,1488,20843,10,"2017-11-22 11:30:15.763875","2017-11-22 11:30:15.763875"
926,1489,20844,1,"2017-11-22 11:30:17.623959","2017-11-22 11:30:17.623959"
927,1490,20844,2,"2017-11-22 11:30:17.627407","2017-11-22 11:30:17.627407"
928,1491,20844,3,"2017-11-22 11:30:17.630806","2017-11-22 11:30:17.630806"
929,1492,20844,4,"2017-11-22 11:30:17.634011","2017-11-22 11:30:17.634011"
930,1493,20844,5,"2017-11-22 11:30:17.637228","2017-11-22 11:30:17.637228"
931,1494,20844,6,"2017-11-22 11:30:17.640353","2017-11-22 11:30:17.640353"
932,1495,20844,7,"2017-11-22 11:30:17.643350","2017-11-22 11:30:17.643350"
933,1496,20844,8,"2017-11-22 11:30:17.646681","2017-11-22 11:30:17.646681"
934,1497,20844,9,"2017-11-22 11:30:17.650152","2017-11-22 11:30:17.650152"
935,1498,20844,10,"2017-11-22 11:30:17.653958","2017-11-22 11:30:17.653958"
